cover,encoded
Cover_53069.jpg,JUNIWARD_53069.jpg
Cover_44576.jpg,JUNIWARD_44576.jpg
Cover_40803.jpg,UERD_40803.jpg
Cover_29906.jpg,JUNIWARD_29906.jpg
Cover_52687.jpg,UERD_52687.jpg
Cover_15069.jpg,JMiPOD_15069.jpg
Cover_66325.jpg,JUNIWARD_66325.jpg
Cover_35700.jpg,UERD_35700.jpg
Cover_10114.jpg,UERD_10114.jpg
Cover_52646.jpg,UERD_52646.jpg
Cover_07021.jpg,JMiPOD_07021.jpg
Cover_11465.jpg,JUNIWARD_11465.jpg
Cover_36759.jpg,UERD_36759.jpg
Cover_42917.jpg,JMiPOD_42917.jpg
Cover_59287.jpg,JMiPOD_59287.jpg
Cover_25722.jpg,JUNIWARD_25722.jpg
Cover_40760.jpg,JUNIWARD_40760.jpg
Cover_18080.jpg,JMiPOD_18080.jpg
Cover_29080.jpg,UERD_29080.jpg
Cover_73021.jpg,JUNIWARD_73021.jpg
Cover_13775.jpg,JUNIWARD_13775.jpg
Cover_00603.jpg,JUNIWARD_00603.jpg
Cover_70017.jpg,JMiPOD_70017.jpg
Cover_79949.jpg,JMiPOD_79949.jpg
Cover_03039.jpg,JUNIWARD_03039.jpg
Cover_58685.jpg,JUNIWARD_58685.jpg
Cover_19295.jpg,UERD_19295.jpg
Cover_39139.jpg,JMiPOD_39139.jpg
Cover_59709.jpg,UERD_59709.jpg
Cover_61891.jpg,UERD_61891.jpg
Cover_25643.jpg,JUNIWARD_25643.jpg
Cover_64705.jpg,JUNIWARD_64705.jpg
Cover_12014.jpg,JMiPOD_12014.jpg
Cover_53967.jpg,UERD_53967.jpg
Cover_66808.jpg,UERD_66808.jpg
Cover_71583.jpg,UERD_71583.jpg
Cover_36133.jpg,JUNIWARD_36133.jpg
Cover_21526.jpg,JUNIWARD_21526.jpg
Cover_75844.jpg,UERD_75844.jpg
Cover_78094.jpg,UERD_78094.jpg
Cover_11425.jpg,JMiPOD_11425.jpg
Cover_58315.jpg,UERD_58315.jpg
Cover_30597.jpg,JMiPOD_30597.jpg
Cover_63196.jpg,JMiPOD_63196.jpg
Cover_47920.jpg,JMiPOD_47920.jpg
Cover_02855.jpg,UERD_02855.jpg
Cover_26898.jpg,JMiPOD_26898.jpg
Cover_63110.jpg,UERD_63110.jpg
Cover_65612.jpg,UERD_65612.jpg
Cover_33633.jpg,JMiPOD_33633.jpg
Cover_52354.jpg,JUNIWARD_52354.jpg
Cover_57899.jpg,JUNIWARD_57899.jpg
Cover_17053.jpg,JUNIWARD_17053.jpg
Cover_47211.jpg,JUNIWARD_47211.jpg
Cover_14574.jpg,JMiPOD_14574.jpg
Cover_73520.jpg,UERD_73520.jpg
Cover_57531.jpg,JMiPOD_57531.jpg
Cover_31404.jpg,JUNIWARD_31404.jpg
Cover_62747.jpg,UERD_62747.jpg
Cover_53418.jpg,JUNIWARD_53418.jpg
Cover_52197.jpg,UERD_52197.jpg
Cover_42311.jpg,UERD_42311.jpg
Cover_61387.jpg,JMiPOD_61387.jpg
Cover_72700.jpg,UERD_72700.jpg
Cover_35322.jpg,JUNIWARD_35322.jpg
Cover_02608.jpg,UERD_02608.jpg
Cover_60196.jpg,JMiPOD_60196.jpg
Cover_23551.jpg,UERD_23551.jpg
Cover_06601.jpg,JUNIWARD_06601.jpg
Cover_15225.jpg,JUNIWARD_15225.jpg
Cover_31672.jpg,JUNIWARD_31672.jpg
Cover_01188.jpg,UERD_01188.jpg
Cover_37652.jpg,JUNIWARD_37652.jpg
Cover_23964.jpg,JUNIWARD_23964.jpg
Cover_55255.jpg,UERD_55255.jpg
Cover_77493.jpg,UERD_77493.jpg
Cover_43718.jpg,JUNIWARD_43718.jpg
Cover_22221.jpg,UERD_22221.jpg
Cover_63266.jpg,JMiPOD_63266.jpg
Cover_36447.jpg,JMiPOD_36447.jpg
Cover_67165.jpg,UERD_67165.jpg
Cover_10840.jpg,JMiPOD_10840.jpg
Cover_54186.jpg,JUNIWARD_54186.jpg
Cover_62729.jpg,JUNIWARD_62729.jpg
Cover_27674.jpg,JUNIWARD_27674.jpg
Cover_58978.jpg,UERD_58978.jpg
Cover_59351.jpg,JMiPOD_59351.jpg
Cover_68805.jpg,JMiPOD_68805.jpg
Cover_54413.jpg,JMiPOD_54413.jpg
Cover_41074.jpg,UERD_41074.jpg
Cover_47709.jpg,JMiPOD_47709.jpg
Cover_15619.jpg,JMiPOD_15619.jpg
Cover_61072.jpg,JUNIWARD_61072.jpg
Cover_07354.jpg,JMiPOD_07354.jpg
Cover_26830.jpg,JMiPOD_26830.jpg
Cover_01116.jpg,UERD_01116.jpg
Cover_19394.jpg,JMiPOD_19394.jpg
Cover_43703.jpg,JUNIWARD_43703.jpg
Cover_75682.jpg,JUNIWARD_75682.jpg
Cover_33073.jpg,JMiPOD_33073.jpg
Cover_79790.jpg,JMiPOD_79790.jpg
Cover_55334.jpg,JMiPOD_55334.jpg
Cover_37417.jpg,UERD_37417.jpg
Cover_21473.jpg,UERD_21473.jpg
Cover_52137.jpg,UERD_52137.jpg
Cover_39626.jpg,UERD_39626.jpg
Cover_06488.jpg,JMiPOD_06488.jpg
Cover_13969.jpg,JUNIWARD_13969.jpg
Cover_27524.jpg,JMiPOD_27524.jpg
Cover_07461.jpg,JUNIWARD_07461.jpg
Cover_78733.jpg,UERD_78733.jpg
Cover_45407.jpg,JUNIWARD_45407.jpg
Cover_64750.jpg,UERD_64750.jpg
Cover_79216.jpg,JUNIWARD_79216.jpg
Cover_34362.jpg,UERD_34362.jpg
Cover_08838.jpg,JUNIWARD_08838.jpg
Cover_48139.jpg,JUNIWARD_48139.jpg
Cover_64440.jpg,JMiPOD_64440.jpg
Cover_35939.jpg,UERD_35939.jpg
Cover_57575.jpg,JMiPOD_57575.jpg
Cover_30983.jpg,UERD_30983.jpg
Cover_49383.jpg,JMiPOD_49383.jpg
Cover_37464.jpg,UERD_37464.jpg
Cover_27033.jpg,JUNIWARD_27033.jpg
Cover_05567.jpg,UERD_05567.jpg
Cover_01512.jpg,JUNIWARD_01512.jpg
Cover_35431.jpg,UERD_35431.jpg
Cover_08607.jpg,JUNIWARD_08607.jpg
Cover_60699.jpg,JMiPOD_60699.jpg
Cover_47269.jpg,JMiPOD_47269.jpg
Cover_33876.jpg,JMiPOD_33876.jpg
Cover_46180.jpg,JUNIWARD_46180.jpg
Cover_02791.jpg,JMiPOD_02791.jpg
Cover_76682.jpg,JMiPOD_76682.jpg
Cover_59099.jpg,UERD_59099.jpg
Cover_06759.jpg,UERD_06759.jpg
Cover_33319.jpg,JMiPOD_33319.jpg
Cover_03947.jpg,JMiPOD_03947.jpg
Cover_21478.jpg,UERD_21478.jpg
Cover_16222.jpg,JMiPOD_16222.jpg
Cover_65846.jpg,UERD_65846.jpg
Cover_68921.jpg,JMiPOD_68921.jpg
Cover_02684.jpg,JMiPOD_02684.jpg
Cover_32006.jpg,UERD_32006.jpg
Cover_76922.jpg,JMiPOD_76922.jpg
Cover_18603.jpg,UERD_18603.jpg
Cover_29125.jpg,JUNIWARD_29125.jpg
Cover_18955.jpg,UERD_18955.jpg
Cover_48345.jpg,UERD_48345.jpg
Cover_05023.jpg,UERD_05023.jpg
Cover_53807.jpg,JMiPOD_53807.jpg
Cover_26508.jpg,JUNIWARD_26508.jpg
Cover_68695.jpg,JUNIWARD_68695.jpg
Cover_36943.jpg,JMiPOD_36943.jpg
Cover_15459.jpg,JUNIWARD_15459.jpg
Cover_06438.jpg,JMiPOD_06438.jpg
Cover_78767.jpg,JMiPOD_78767.jpg
Cover_41757.jpg,JMiPOD_41757.jpg
Cover_55270.jpg,JMiPOD_55270.jpg
Cover_53636.jpg,UERD_53636.jpg
Cover_56085.jpg,UERD_56085.jpg
Cover_46200.jpg,JMiPOD_46200.jpg
Cover_18082.jpg,JMiPOD_18082.jpg
Cover_36897.jpg,JMiPOD_36897.jpg
Cover_05029.jpg,UERD_05029.jpg
Cover_18430.jpg,JUNIWARD_18430.jpg
Cover_53487.jpg,JUNIWARD_53487.jpg
Cover_71236.jpg,JUNIWARD_71236.jpg
Cover_09195.jpg,UERD_09195.jpg
Cover_55285.jpg,UERD_55285.jpg
Cover_38752.jpg,JMiPOD_38752.jpg
Cover_42514.jpg,UERD_42514.jpg
Cover_32900.jpg,UERD_32900.jpg
Cover_73583.jpg,UERD_73583.jpg
Cover_38847.jpg,JUNIWARD_38847.jpg
Cover_45302.jpg,JUNIWARD_45302.jpg
Cover_70927.jpg,UERD_70927.jpg
Cover_38805.jpg,UERD_38805.jpg
Cover_28672.jpg,JMiPOD_28672.jpg
Cover_05391.jpg,JMiPOD_05391.jpg
Cover_33467.jpg,JUNIWARD_33467.jpg
Cover_50000.jpg,JMiPOD_50000.jpg
Cover_70830.jpg,UERD_70830.jpg
Cover_31350.jpg,JMiPOD_31350.jpg
Cover_69472.jpg,JUNIWARD_69472.jpg
Cover_04588.jpg,UERD_04588.jpg
Cover_12824.jpg,JMiPOD_12824.jpg
Cover_25620.jpg,JUNIWARD_25620.jpg
Cover_32125.jpg,UERD_32125.jpg
Cover_09507.jpg,UERD_09507.jpg
Cover_18664.jpg,JUNIWARD_18664.jpg
Cover_47067.jpg,JUNIWARD_47067.jpg
Cover_23489.jpg,UERD_23489.jpg
Cover_45929.jpg,UERD_45929.jpg
Cover_23644.jpg,UERD_23644.jpg
Cover_19937.jpg,UERD_19937.jpg
Cover_75598.jpg,JMiPOD_75598.jpg
Cover_65236.jpg,UERD_65236.jpg
Cover_64654.jpg,JUNIWARD_64654.jpg
Cover_19959.jpg,JMiPOD_19959.jpg
Cover_27949.jpg,JMiPOD_27949.jpg
Cover_24951.jpg,JUNIWARD_24951.jpg
Cover_54050.jpg,JMiPOD_54050.jpg
Cover_39351.jpg,JUNIWARD_39351.jpg
Cover_51303.jpg,JMiPOD_51303.jpg
Cover_17147.jpg,UERD_17147.jpg
Cover_52910.jpg,JUNIWARD_52910.jpg
Cover_06385.jpg,JMiPOD_06385.jpg
Cover_01355.jpg,UERD_01355.jpg
Cover_74687.jpg,UERD_74687.jpg
Cover_48921.jpg,JUNIWARD_48921.jpg
Cover_46935.jpg,UERD_46935.jpg
Cover_62366.jpg,JMiPOD_62366.jpg
Cover_14742.jpg,JMiPOD_14742.jpg
Cover_11178.jpg,JUNIWARD_11178.jpg
Cover_22586.jpg,UERD_22586.jpg
Cover_28723.jpg,UERD_28723.jpg
Cover_34114.jpg,JUNIWARD_34114.jpg
Cover_66236.jpg,JUNIWARD_66236.jpg
Cover_18393.jpg,JUNIWARD_18393.jpg
Cover_55842.jpg,UERD_55842.jpg
Cover_47940.jpg,UERD_47940.jpg
Cover_41161.jpg,UERD_41161.jpg
Cover_67843.jpg,JMiPOD_67843.jpg
Cover_42329.jpg,UERD_42329.jpg
Cover_29089.jpg,JMiPOD_29089.jpg
Cover_10500.jpg,UERD_10500.jpg
Cover_61587.jpg,JUNIWARD_61587.jpg
Cover_25085.jpg,UERD_25085.jpg
Cover_72583.jpg,UERD_72583.jpg
Cover_67420.jpg,UERD_67420.jpg
Cover_29611.jpg,JUNIWARD_29611.jpg
Cover_23166.jpg,UERD_23166.jpg
Cover_68101.jpg,JMiPOD_68101.jpg
Cover_10569.jpg,JMiPOD_10569.jpg
Cover_38995.jpg,UERD_38995.jpg
Cover_63004.jpg,JUNIWARD_63004.jpg
Cover_68602.jpg,JMiPOD_68602.jpg
Cover_06000.jpg,UERD_06000.jpg
Cover_02298.jpg,UERD_02298.jpg
Cover_50727.jpg,JMiPOD_50727.jpg
Cover_77880.jpg,JMiPOD_77880.jpg
Cover_59404.jpg,JUNIWARD_59404.jpg
Cover_04750.jpg,JUNIWARD_04750.jpg
Cover_52273.jpg,UERD_52273.jpg
Cover_69801.jpg,JUNIWARD_69801.jpg
Cover_45540.jpg,JMiPOD_45540.jpg
Cover_01417.jpg,JMiPOD_01417.jpg
Cover_27366.jpg,UERD_27366.jpg
Cover_71377.jpg,JUNIWARD_71377.jpg
Cover_20509.jpg,JUNIWARD_20509.jpg
Cover_64698.jpg,JUNIWARD_64698.jpg
Cover_46339.jpg,JMiPOD_46339.jpg
Cover_07419.jpg,JUNIWARD_07419.jpg
Cover_40164.jpg,UERD_40164.jpg
Cover_16372.jpg,JUNIWARD_16372.jpg
Cover_09863.jpg,JUNIWARD_09863.jpg
Cover_66527.jpg,JMiPOD_66527.jpg
Cover_65677.jpg,JUNIWARD_65677.jpg
Cover_19276.jpg,UERD_19276.jpg
Cover_60172.jpg,UERD_60172.jpg
Cover_79563.jpg,JUNIWARD_79563.jpg
Cover_65622.jpg,JMiPOD_65622.jpg
Cover_46370.jpg,JMiPOD_46370.jpg
Cover_58031.jpg,UERD_58031.jpg
Cover_50603.jpg,JUNIWARD_50603.jpg
Cover_56676.jpg,JMiPOD_56676.jpg
Cover_58974.jpg,JMiPOD_58974.jpg
Cover_04061.jpg,JUNIWARD_04061.jpg
Cover_12756.jpg,JMiPOD_12756.jpg
Cover_60365.jpg,JUNIWARD_60365.jpg
Cover_60160.jpg,JUNIWARD_60160.jpg
Cover_49887.jpg,JUNIWARD_49887.jpg
Cover_40661.jpg,UERD_40661.jpg
Cover_45871.jpg,UERD_45871.jpg
Cover_18700.jpg,UERD_18700.jpg
Cover_57811.jpg,JUNIWARD_57811.jpg
Cover_76818.jpg,UERD_76818.jpg
Cover_22373.jpg,UERD_22373.jpg
Cover_56817.jpg,UERD_56817.jpg
Cover_15709.jpg,UERD_15709.jpg
Cover_68826.jpg,JMiPOD_68826.jpg
Cover_39505.jpg,JUNIWARD_39505.jpg
Cover_31119.jpg,JMiPOD_31119.jpg
Cover_22272.jpg,JMiPOD_22272.jpg
Cover_66818.jpg,JUNIWARD_66818.jpg
Cover_77798.jpg,JMiPOD_77798.jpg
Cover_71675.jpg,UERD_71675.jpg
Cover_67926.jpg,JUNIWARD_67926.jpg
Cover_56265.jpg,UERD_56265.jpg
Cover_52629.jpg,UERD_52629.jpg
Cover_50020.jpg,JMiPOD_50020.jpg
Cover_61326.jpg,JMiPOD_61326.jpg
Cover_44253.jpg,JMiPOD_44253.jpg
Cover_58558.jpg,UERD_58558.jpg
Cover_12279.jpg,UERD_12279.jpg
Cover_46216.jpg,JMiPOD_46216.jpg
Cover_23649.jpg,JUNIWARD_23649.jpg
Cover_52914.jpg,UERD_52914.jpg
Cover_43114.jpg,UERD_43114.jpg
Cover_16242.jpg,UERD_16242.jpg
Cover_30848.jpg,JUNIWARD_30848.jpg
Cover_34709.jpg,JMiPOD_34709.jpg
Cover_28881.jpg,UERD_28881.jpg
Cover_63826.jpg,UERD_63826.jpg
Cover_52855.jpg,JMiPOD_52855.jpg
Cover_64682.jpg,JMiPOD_64682.jpg
Cover_64246.jpg,JMiPOD_64246.jpg
Cover_16936.jpg,UERD_16936.jpg
Cover_38578.jpg,JUNIWARD_38578.jpg
Cover_28262.jpg,JUNIWARD_28262.jpg
Cover_06011.jpg,JUNIWARD_06011.jpg
Cover_75539.jpg,JUNIWARD_75539.jpg
Cover_62425.jpg,JMiPOD_62425.jpg
Cover_05975.jpg,UERD_05975.jpg
Cover_74728.jpg,JUNIWARD_74728.jpg
Cover_11306.jpg,JUNIWARD_11306.jpg
Cover_31592.jpg,JMiPOD_31592.jpg
Cover_48649.jpg,UERD_48649.jpg
Cover_25106.jpg,UERD_25106.jpg
Cover_23687.jpg,UERD_23687.jpg
Cover_47712.jpg,JMiPOD_47712.jpg
Cover_55271.jpg,JUNIWARD_55271.jpg
Cover_28791.jpg,JUNIWARD_28791.jpg
Cover_61094.jpg,JMiPOD_61094.jpg
Cover_71606.jpg,JUNIWARD_71606.jpg
Cover_38044.jpg,JMiPOD_38044.jpg
Cover_29237.jpg,JMiPOD_29237.jpg
Cover_42647.jpg,JMiPOD_42647.jpg
Cover_56441.jpg,UERD_56441.jpg
Cover_25237.jpg,JUNIWARD_25237.jpg
Cover_62200.jpg,JMiPOD_62200.jpg
Cover_27064.jpg,UERD_27064.jpg
Cover_14758.jpg,JMiPOD_14758.jpg
Cover_39120.jpg,JUNIWARD_39120.jpg
Cover_28560.jpg,JUNIWARD_28560.jpg
Cover_23618.jpg,UERD_23618.jpg
Cover_70647.jpg,UERD_70647.jpg
Cover_62409.jpg,JMiPOD_62409.jpg
Cover_63496.jpg,JMiPOD_63496.jpg
Cover_64061.jpg,JUNIWARD_64061.jpg
Cover_35664.jpg,UERD_35664.jpg
Cover_22040.jpg,UERD_22040.jpg
Cover_57028.jpg,UERD_57028.jpg
Cover_34702.jpg,JUNIWARD_34702.jpg
Cover_32705.jpg,UERD_32705.jpg
Cover_24078.jpg,JUNIWARD_24078.jpg
Cover_10752.jpg,UERD_10752.jpg
Cover_30512.jpg,JMiPOD_30512.jpg
Cover_76935.jpg,JUNIWARD_76935.jpg
Cover_17039.jpg,JUNIWARD_17039.jpg
Cover_53155.jpg,UERD_53155.jpg
Cover_22223.jpg,JMiPOD_22223.jpg
Cover_46194.jpg,UERD_46194.jpg
Cover_22801.jpg,UERD_22801.jpg
Cover_56346.jpg,UERD_56346.jpg
Cover_01074.jpg,JUNIWARD_01074.jpg
Cover_64588.jpg,JUNIWARD_64588.jpg
Cover_39140.jpg,UERD_39140.jpg
Cover_58736.jpg,JUNIWARD_58736.jpg
Cover_77884.jpg,JUNIWARD_77884.jpg
Cover_69398.jpg,JUNIWARD_69398.jpg
Cover_32378.jpg,UERD_32378.jpg
Cover_27189.jpg,JMiPOD_27189.jpg
Cover_63579.jpg,JMiPOD_63579.jpg
Cover_38083.jpg,JUNIWARD_38083.jpg
Cover_53163.jpg,JMiPOD_53163.jpg
Cover_75862.jpg,JUNIWARD_75862.jpg
Cover_67794.jpg,UERD_67794.jpg
Cover_47856.jpg,JMiPOD_47856.jpg
Cover_61924.jpg,UERD_61924.jpg
Cover_49370.jpg,JMiPOD_49370.jpg
Cover_26721.jpg,UERD_26721.jpg
Cover_70736.jpg,UERD_70736.jpg
Cover_23436.jpg,JMiPOD_23436.jpg
Cover_08906.jpg,JUNIWARD_08906.jpg
Cover_09433.jpg,JUNIWARD_09433.jpg
Cover_78292.jpg,JMiPOD_78292.jpg
Cover_56937.jpg,JMiPOD_56937.jpg
Cover_46685.jpg,JUNIWARD_46685.jpg
Cover_52554.jpg,JMiPOD_52554.jpg
Cover_30284.jpg,JUNIWARD_30284.jpg
Cover_40394.jpg,UERD_40394.jpg
Cover_65668.jpg,JMiPOD_65668.jpg
Cover_21773.jpg,JUNIWARD_21773.jpg
Cover_28866.jpg,JMiPOD_28866.jpg
Cover_70692.jpg,UERD_70692.jpg
Cover_53147.jpg,UERD_53147.jpg
Cover_55814.jpg,UERD_55814.jpg
Cover_25120.jpg,JUNIWARD_25120.jpg
Cover_76787.jpg,JMiPOD_76787.jpg
Cover_07623.jpg,JUNIWARD_07623.jpg
Cover_41986.jpg,JUNIWARD_41986.jpg
Cover_20789.jpg,UERD_20789.jpg
Cover_40210.jpg,JUNIWARD_40210.jpg
Cover_48736.jpg,JMiPOD_48736.jpg
Cover_08231.jpg,JUNIWARD_08231.jpg
Cover_05642.jpg,JMiPOD_05642.jpg
Cover_58494.jpg,JUNIWARD_58494.jpg
Cover_38779.jpg,UERD_38779.jpg
Cover_06352.jpg,JUNIWARD_06352.jpg
Cover_04440.jpg,JUNIWARD_04440.jpg
Cover_06573.jpg,JUNIWARD_06573.jpg
Cover_27967.jpg,JUNIWARD_27967.jpg
Cover_42399.jpg,JUNIWARD_42399.jpg
Cover_62577.jpg,JMiPOD_62577.jpg
Cover_60990.jpg,JMiPOD_60990.jpg
Cover_37195.jpg,JMiPOD_37195.jpg
Cover_67120.jpg,JMiPOD_67120.jpg
Cover_60011.jpg,UERD_60011.jpg
Cover_10094.jpg,UERD_10094.jpg
Cover_69818.jpg,JMiPOD_69818.jpg
Cover_30052.jpg,JMiPOD_30052.jpg
Cover_55180.jpg,JUNIWARD_55180.jpg
Cover_51715.jpg,JMiPOD_51715.jpg
Cover_02558.jpg,UERD_02558.jpg
Cover_69353.jpg,JMiPOD_69353.jpg
Cover_09822.jpg,UERD_09822.jpg
Cover_44082.jpg,JUNIWARD_44082.jpg
Cover_54237.jpg,UERD_54237.jpg
Cover_74111.jpg,UERD_74111.jpg
Cover_16817.jpg,UERD_16817.jpg
Cover_02899.jpg,JMiPOD_02899.jpg
Cover_02886.jpg,JUNIWARD_02886.jpg
Cover_60362.jpg,JUNIWARD_60362.jpg
Cover_23990.jpg,UERD_23990.jpg
Cover_71037.jpg,JUNIWARD_71037.jpg
Cover_27672.jpg,JUNIWARD_27672.jpg
Cover_25165.jpg,JMiPOD_25165.jpg
Cover_00434.jpg,UERD_00434.jpg
Cover_20259.jpg,JMiPOD_20259.jpg
Cover_24866.jpg,JUNIWARD_24866.jpg
Cover_70664.jpg,JMiPOD_70664.jpg
Cover_55521.jpg,JMiPOD_55521.jpg
Cover_00110.jpg,UERD_00110.jpg
Cover_01910.jpg,UERD_01910.jpg
Cover_63878.jpg,JUNIWARD_63878.jpg
Cover_67707.jpg,UERD_67707.jpg
Cover_34185.jpg,UERD_34185.jpg
Cover_22669.jpg,JMiPOD_22669.jpg
Cover_65685.jpg,UERD_65685.jpg
Cover_11343.jpg,UERD_11343.jpg
Cover_53812.jpg,UERD_53812.jpg
Cover_71477.jpg,UERD_71477.jpg
Cover_72734.jpg,UERD_72734.jpg
Cover_55064.jpg,JUNIWARD_55064.jpg
Cover_04888.jpg,UERD_04888.jpg
Cover_35786.jpg,JMiPOD_35786.jpg
Cover_44053.jpg,JUNIWARD_44053.jpg
Cover_68836.jpg,UERD_68836.jpg
Cover_66426.jpg,UERD_66426.jpg
Cover_45230.jpg,UERD_45230.jpg
Cover_23423.jpg,JMiPOD_23423.jpg
Cover_52926.jpg,JUNIWARD_52926.jpg
Cover_03323.jpg,JUNIWARD_03323.jpg
Cover_56983.jpg,JUNIWARD_56983.jpg
Cover_28994.jpg,UERD_28994.jpg
Cover_57596.jpg,JMiPOD_57596.jpg
Cover_21709.jpg,JMiPOD_21709.jpg
Cover_00799.jpg,JMiPOD_00799.jpg
Cover_34573.jpg,JMiPOD_34573.jpg
Cover_14401.jpg,JUNIWARD_14401.jpg
Cover_73208.jpg,UERD_73208.jpg
Cover_66234.jpg,UERD_66234.jpg
Cover_78324.jpg,UERD_78324.jpg
Cover_64961.jpg,JMiPOD_64961.jpg
Cover_04563.jpg,JUNIWARD_04563.jpg
Cover_18640.jpg,JUNIWARD_18640.jpg
Cover_76826.jpg,UERD_76826.jpg
Cover_51124.jpg,JMiPOD_51124.jpg
Cover_42606.jpg,JMiPOD_42606.jpg
Cover_21702.jpg,UERD_21702.jpg
Cover_55127.jpg,JMiPOD_55127.jpg
Cover_61294.jpg,JUNIWARD_61294.jpg
Cover_70898.jpg,UERD_70898.jpg
Cover_37671.jpg,JUNIWARD_37671.jpg
Cover_08682.jpg,JMiPOD_08682.jpg
Cover_71882.jpg,JUNIWARD_71882.jpg
Cover_74190.jpg,JMiPOD_74190.jpg
Cover_31030.jpg,JMiPOD_31030.jpg
Cover_51721.jpg,JUNIWARD_51721.jpg
Cover_30298.jpg,UERD_30298.jpg
Cover_09109.jpg,JMiPOD_09109.jpg
Cover_79614.jpg,UERD_79614.jpg
Cover_36343.jpg,JUNIWARD_36343.jpg
Cover_00530.jpg,JMiPOD_00530.jpg
Cover_36140.jpg,UERD_36140.jpg
Cover_67835.jpg,UERD_67835.jpg
Cover_70373.jpg,UERD_70373.jpg
Cover_07059.jpg,JUNIWARD_07059.jpg
Cover_00184.jpg,UERD_00184.jpg
Cover_24538.jpg,UERD_24538.jpg
Cover_10804.jpg,JUNIWARD_10804.jpg
Cover_48062.jpg,JUNIWARD_48062.jpg
Cover_46749.jpg,JMiPOD_46749.jpg
Cover_12684.jpg,JUNIWARD_12684.jpg
Cover_67581.jpg,JUNIWARD_67581.jpg
Cover_24429.jpg,JMiPOD_24429.jpg
Cover_05398.jpg,UERD_05398.jpg
Cover_56564.jpg,UERD_56564.jpg
Cover_79466.jpg,JMiPOD_79466.jpg
Cover_37834.jpg,JUNIWARD_37834.jpg
Cover_09537.jpg,JMiPOD_09537.jpg
Cover_78806.jpg,UERD_78806.jpg
Cover_63696.jpg,JUNIWARD_63696.jpg
Cover_61906.jpg,JMiPOD_61906.jpg
Cover_38483.jpg,UERD_38483.jpg
Cover_07385.jpg,JMiPOD_07385.jpg
Cover_23250.jpg,JMiPOD_23250.jpg
Cover_38647.jpg,JMiPOD_38647.jpg
Cover_09924.jpg,JUNIWARD_09924.jpg
Cover_15695.jpg,JUNIWARD_15695.jpg
Cover_29839.jpg,UERD_29839.jpg
Cover_77586.jpg,UERD_77586.jpg
Cover_23098.jpg,JMiPOD_23098.jpg
Cover_48027.jpg,UERD_48027.jpg
Cover_65952.jpg,JUNIWARD_65952.jpg
Cover_71761.jpg,JUNIWARD_71761.jpg
Cover_45903.jpg,JMiPOD_45903.jpg
Cover_73237.jpg,UERD_73237.jpg
Cover_28707.jpg,UERD_28707.jpg
Cover_24204.jpg,JUNIWARD_24204.jpg
Cover_46952.jpg,JUNIWARD_46952.jpg
Cover_64597.jpg,JMiPOD_64597.jpg
Cover_28257.jpg,JUNIWARD_28257.jpg
Cover_27418.jpg,JMiPOD_27418.jpg
Cover_50013.jpg,UERD_50013.jpg
Cover_65091.jpg,JUNIWARD_65091.jpg
Cover_07770.jpg,JUNIWARD_07770.jpg
Cover_68789.jpg,UERD_68789.jpg
Cover_23799.jpg,UERD_23799.jpg
Cover_49081.jpg,JUNIWARD_49081.jpg
Cover_58165.jpg,JUNIWARD_58165.jpg
Cover_50177.jpg,JMiPOD_50177.jpg
Cover_09927.jpg,UERD_09927.jpg
Cover_00426.jpg,UERD_00426.jpg
Cover_72373.jpg,JUNIWARD_72373.jpg
Cover_61252.jpg,UERD_61252.jpg
Cover_34951.jpg,JMiPOD_34951.jpg
Cover_16733.jpg,JMiPOD_16733.jpg
Cover_48562.jpg,JUNIWARD_48562.jpg
Cover_00398.jpg,UERD_00398.jpg
Cover_57443.jpg,JMiPOD_57443.jpg
Cover_77129.jpg,JUNIWARD_77129.jpg
Cover_65518.jpg,JMiPOD_65518.jpg
Cover_13453.jpg,JUNIWARD_13453.jpg
Cover_06923.jpg,UERD_06923.jpg
Cover_13711.jpg,JUNIWARD_13711.jpg
Cover_72076.jpg,JMiPOD_72076.jpg
Cover_44347.jpg,JMiPOD_44347.jpg
Cover_13792.jpg,JUNIWARD_13792.jpg
Cover_16015.jpg,JMiPOD_16015.jpg
Cover_65900.jpg,UERD_65900.jpg
Cover_44016.jpg,UERD_44016.jpg
Cover_77723.jpg,JMiPOD_77723.jpg
Cover_67393.jpg,UERD_67393.jpg
Cover_21484.jpg,JMiPOD_21484.jpg
Cover_07446.jpg,JMiPOD_07446.jpg
Cover_16744.jpg,JMiPOD_16744.jpg
Cover_03271.jpg,JUNIWARD_03271.jpg
Cover_75937.jpg,JUNIWARD_75937.jpg
Cover_75421.jpg,JUNIWARD_75421.jpg
Cover_22830.jpg,JMiPOD_22830.jpg
Cover_20327.jpg,JUNIWARD_20327.jpg
Cover_48690.jpg,UERD_48690.jpg
Cover_10088.jpg,UERD_10088.jpg
Cover_08472.jpg,JMiPOD_08472.jpg
Cover_10477.jpg,JMiPOD_10477.jpg
Cover_71910.jpg,JUNIWARD_71910.jpg
Cover_37599.jpg,JMiPOD_37599.jpg
Cover_67602.jpg,JMiPOD_67602.jpg
Cover_74033.jpg,UERD_74033.jpg
Cover_51447.jpg,UERD_51447.jpg
Cover_17227.jpg,UERD_17227.jpg
Cover_09035.jpg,JUNIWARD_09035.jpg
Cover_20087.jpg,UERD_20087.jpg
Cover_22813.jpg,UERD_22813.jpg
Cover_49170.jpg,JMiPOD_49170.jpg
Cover_74365.jpg,JUNIWARD_74365.jpg
Cover_37684.jpg,JUNIWARD_37684.jpg
Cover_18803.jpg,UERD_18803.jpg
Cover_72859.jpg,JMiPOD_72859.jpg
Cover_17498.jpg,UERD_17498.jpg
Cover_36624.jpg,JUNIWARD_36624.jpg
Cover_63625.jpg,JMiPOD_63625.jpg
Cover_03513.jpg,JMiPOD_03513.jpg
Cover_46364.jpg,JUNIWARD_46364.jpg
Cover_24666.jpg,JMiPOD_24666.jpg
Cover_32425.jpg,JUNIWARD_32425.jpg
Cover_45808.jpg,JUNIWARD_45808.jpg
Cover_55387.jpg,JUNIWARD_55387.jpg
Cover_03078.jpg,JUNIWARD_03078.jpg
Cover_04002.jpg,UERD_04002.jpg
Cover_28750.jpg,JUNIWARD_28750.jpg
Cover_23958.jpg,JMiPOD_23958.jpg
Cover_69716.jpg,UERD_69716.jpg
Cover_08215.jpg,JUNIWARD_08215.jpg
Cover_25787.jpg,UERD_25787.jpg
Cover_30071.jpg,JUNIWARD_30071.jpg
Cover_31516.jpg,UERD_31516.jpg
Cover_79596.jpg,UERD_79596.jpg
Cover_21313.jpg,JMiPOD_21313.jpg
Cover_08539.jpg,JUNIWARD_08539.jpg
Cover_64643.jpg,UERD_64643.jpg
Cover_10049.jpg,JMiPOD_10049.jpg
Cover_34743.jpg,JMiPOD_34743.jpg
Cover_79617.jpg,JUNIWARD_79617.jpg
Cover_52098.jpg,JUNIWARD_52098.jpg
Cover_26032.jpg,JMiPOD_26032.jpg
Cover_57739.jpg,JUNIWARD_57739.jpg
Cover_01393.jpg,UERD_01393.jpg
Cover_74827.jpg,JMiPOD_74827.jpg
Cover_47676.jpg,JUNIWARD_47676.jpg
Cover_68743.jpg,UERD_68743.jpg
Cover_78576.jpg,JUNIWARD_78576.jpg
Cover_12232.jpg,JMiPOD_12232.jpg
Cover_31461.jpg,JMiPOD_31461.jpg
Cover_24712.jpg,JMiPOD_24712.jpg
Cover_15959.jpg,UERD_15959.jpg
Cover_37015.jpg,UERD_37015.jpg
Cover_61937.jpg,UERD_61937.jpg
Cover_50981.jpg,JUNIWARD_50981.jpg
Cover_09002.jpg,JUNIWARD_09002.jpg
Cover_30414.jpg,UERD_30414.jpg
Cover_48138.jpg,UERD_48138.jpg
Cover_14526.jpg,JUNIWARD_14526.jpg
Cover_68351.jpg,JMiPOD_68351.jpg
Cover_61671.jpg,JMiPOD_61671.jpg
Cover_58589.jpg,JUNIWARD_58589.jpg
Cover_77694.jpg,UERD_77694.jpg
Cover_69538.jpg,JUNIWARD_69538.jpg
Cover_04352.jpg,JMiPOD_04352.jpg
Cover_15156.jpg,UERD_15156.jpg
Cover_11649.jpg,JMiPOD_11649.jpg
Cover_53713.jpg,UERD_53713.jpg
Cover_16954.jpg,JMiPOD_16954.jpg
Cover_51999.jpg,UERD_51999.jpg
Cover_56410.jpg,JMiPOD_56410.jpg
Cover_67985.jpg,UERD_67985.jpg
Cover_49969.jpg,JMiPOD_49969.jpg
Cover_13254.jpg,UERD_13254.jpg
Cover_33149.jpg,JUNIWARD_33149.jpg
Cover_73717.jpg,JMiPOD_73717.jpg
Cover_26241.jpg,UERD_26241.jpg
Cover_16024.jpg,UERD_16024.jpg
Cover_32545.jpg,UERD_32545.jpg
Cover_00048.jpg,JUNIWARD_00048.jpg
Cover_03355.jpg,JMiPOD_03355.jpg
Cover_30838.jpg,JUNIWARD_30838.jpg
Cover_52090.jpg,JMiPOD_52090.jpg
Cover_39105.jpg,UERD_39105.jpg
Cover_22520.jpg,UERD_22520.jpg
Cover_76220.jpg,JMiPOD_76220.jpg
Cover_12042.jpg,JUNIWARD_12042.jpg
Cover_61806.jpg,JUNIWARD_61806.jpg
Cover_17760.jpg,UERD_17760.jpg
Cover_23553.jpg,UERD_23553.jpg
Cover_20631.jpg,UERD_20631.jpg
Cover_60891.jpg,UERD_60891.jpg
Cover_63928.jpg,JMiPOD_63928.jpg
Cover_67703.jpg,JMiPOD_67703.jpg
Cover_60514.jpg,JMiPOD_60514.jpg
Cover_44075.jpg,JMiPOD_44075.jpg
Cover_13776.jpg,UERD_13776.jpg
Cover_32593.jpg,UERD_32593.jpg
Cover_51335.jpg,JUNIWARD_51335.jpg
Cover_20650.jpg,JUNIWARD_20650.jpg
Cover_76754.jpg,UERD_76754.jpg
Cover_02172.jpg,JMiPOD_02172.jpg
Cover_51320.jpg,JUNIWARD_51320.jpg
Cover_27310.jpg,JMiPOD_27310.jpg
Cover_34466.jpg,JMiPOD_34466.jpg
Cover_48678.jpg,UERD_48678.jpg
Cover_67108.jpg,UERD_67108.jpg
Cover_07564.jpg,JUNIWARD_07564.jpg
Cover_76525.jpg,UERD_76525.jpg
Cover_50477.jpg,UERD_50477.jpg
Cover_07701.jpg,UERD_07701.jpg
Cover_42754.jpg,JUNIWARD_42754.jpg
Cover_20174.jpg,JMiPOD_20174.jpg
Cover_60863.jpg,JUNIWARD_60863.jpg
Cover_53883.jpg,JUNIWARD_53883.jpg
Cover_41110.jpg,UERD_41110.jpg
Cover_74303.jpg,UERD_74303.jpg
Cover_08203.jpg,UERD_08203.jpg
Cover_65115.jpg,JMiPOD_65115.jpg
Cover_67824.jpg,JMiPOD_67824.jpg
Cover_13250.jpg,JUNIWARD_13250.jpg
Cover_13406.jpg,JUNIWARD_13406.jpg
Cover_51467.jpg,UERD_51467.jpg
Cover_17444.jpg,JUNIWARD_17444.jpg
Cover_15384.jpg,JMiPOD_15384.jpg
Cover_15791.jpg,JUNIWARD_15791.jpg
Cover_61245.jpg,JMiPOD_61245.jpg
Cover_34973.jpg,JMiPOD_34973.jpg
Cover_59162.jpg,JUNIWARD_59162.jpg
Cover_74808.jpg,UERD_74808.jpg
Cover_46223.jpg,JMiPOD_46223.jpg
Cover_28855.jpg,JUNIWARD_28855.jpg
Cover_73376.jpg,JUNIWARD_73376.jpg
Cover_25355.jpg,JMiPOD_25355.jpg
Cover_16940.jpg,JUNIWARD_16940.jpg
Cover_72201.jpg,JUNIWARD_72201.jpg
Cover_56014.jpg,JMiPOD_56014.jpg
Cover_60578.jpg,UERD_60578.jpg
Cover_51516.jpg,UERD_51516.jpg
Cover_52603.jpg,UERD_52603.jpg
Cover_40308.jpg,JMiPOD_40308.jpg
Cover_34579.jpg,JMiPOD_34579.jpg
Cover_22102.jpg,JMiPOD_22102.jpg
Cover_16711.jpg,JUNIWARD_16711.jpg
Cover_55606.jpg,JMiPOD_55606.jpg
Cover_75569.jpg,UERD_75569.jpg
Cover_20669.jpg,JUNIWARD_20669.jpg
Cover_33797.jpg,JMiPOD_33797.jpg
Cover_48085.jpg,JMiPOD_48085.jpg
Cover_62071.jpg,JUNIWARD_62071.jpg
Cover_55090.jpg,JMiPOD_55090.jpg
Cover_68441.jpg,JMiPOD_68441.jpg
Cover_65061.jpg,JMiPOD_65061.jpg
Cover_43070.jpg,JMiPOD_43070.jpg
Cover_55322.jpg,JMiPOD_55322.jpg
Cover_09841.jpg,UERD_09841.jpg
Cover_05533.jpg,UERD_05533.jpg
Cover_56097.jpg,JMiPOD_56097.jpg
Cover_75706.jpg,JMiPOD_75706.jpg
Cover_00585.jpg,JUNIWARD_00585.jpg
Cover_07905.jpg,JUNIWARD_07905.jpg
Cover_01622.jpg,JUNIWARD_01622.jpg
Cover_35637.jpg,JMiPOD_35637.jpg
Cover_57700.jpg,UERD_57700.jpg
Cover_01262.jpg,JMiPOD_01262.jpg
Cover_58435.jpg,UERD_58435.jpg
Cover_43995.jpg,UERD_43995.jpg
Cover_00040.jpg,JUNIWARD_00040.jpg
Cover_55530.jpg,UERD_55530.jpg
Cover_40263.jpg,JMiPOD_40263.jpg
Cover_31079.jpg,UERD_31079.jpg
Cover_58741.jpg,JMiPOD_58741.jpg
Cover_42493.jpg,UERD_42493.jpg
Cover_41275.jpg,JUNIWARD_41275.jpg
Cover_74779.jpg,UERD_74779.jpg
Cover_20320.jpg,JMiPOD_20320.jpg
Cover_54852.jpg,UERD_54852.jpg
Cover_65431.jpg,JMiPOD_65431.jpg
Cover_21009.jpg,UERD_21009.jpg
Cover_07163.jpg,JMiPOD_07163.jpg
Cover_46383.jpg,JUNIWARD_46383.jpg
Cover_49027.jpg,JUNIWARD_49027.jpg
Cover_57970.jpg,JUNIWARD_57970.jpg
Cover_01151.jpg,JMiPOD_01151.jpg
Cover_15676.jpg,JUNIWARD_15676.jpg
Cover_41192.jpg,UERD_41192.jpg
Cover_13804.jpg,JMiPOD_13804.jpg
Cover_63812.jpg,JMiPOD_63812.jpg
Cover_20397.jpg,JMiPOD_20397.jpg
Cover_71444.jpg,JUNIWARD_71444.jpg
Cover_55436.jpg,UERD_55436.jpg
Cover_67380.jpg,UERD_67380.jpg
Cover_45914.jpg,UERD_45914.jpg
Cover_09887.jpg,JMiPOD_09887.jpg
Cover_03940.jpg,UERD_03940.jpg
Cover_66833.jpg,JMiPOD_66833.jpg
Cover_58233.jpg,UERD_58233.jpg
Cover_04779.jpg,JUNIWARD_04779.jpg
Cover_10100.jpg,UERD_10100.jpg
Cover_61515.jpg,JMiPOD_61515.jpg
Cover_29908.jpg,JUNIWARD_29908.jpg
Cover_57672.jpg,JUNIWARD_57672.jpg
Cover_33949.jpg,UERD_33949.jpg
Cover_32361.jpg,JUNIWARD_32361.jpg
Cover_68027.jpg,JUNIWARD_68027.jpg
Cover_48307.jpg,UERD_48307.jpg
Cover_09865.jpg,UERD_09865.jpg
Cover_75802.jpg,JUNIWARD_75802.jpg
Cover_64772.jpg,JMiPOD_64772.jpg
Cover_70706.jpg,JMiPOD_70706.jpg
Cover_68123.jpg,JUNIWARD_68123.jpg
Cover_26570.jpg,JMiPOD_26570.jpg
Cover_18063.jpg,JMiPOD_18063.jpg
Cover_13272.jpg,JMiPOD_13272.jpg
Cover_73809.jpg,JMiPOD_73809.jpg
Cover_22513.jpg,JMiPOD_22513.jpg
Cover_20202.jpg,JMiPOD_20202.jpg
Cover_52639.jpg,UERD_52639.jpg
Cover_66933.jpg,UERD_66933.jpg
Cover_51395.jpg,JMiPOD_51395.jpg
Cover_79956.jpg,JUNIWARD_79956.jpg
Cover_32693.jpg,JUNIWARD_32693.jpg
Cover_19757.jpg,UERD_19757.jpg
Cover_39939.jpg,UERD_39939.jpg
Cover_71755.jpg,JMiPOD_71755.jpg
Cover_20416.jpg,JUNIWARD_20416.jpg
Cover_55715.jpg,JMiPOD_55715.jpg
Cover_48337.jpg,JMiPOD_48337.jpg
Cover_08776.jpg,UERD_08776.jpg
Cover_07283.jpg,JUNIWARD_07283.jpg
Cover_53334.jpg,JUNIWARD_53334.jpg
Cover_03959.jpg,UERD_03959.jpg
Cover_24874.jpg,JUNIWARD_24874.jpg
Cover_69819.jpg,UERD_69819.jpg
Cover_71968.jpg,JUNIWARD_71968.jpg
Cover_00553.jpg,JUNIWARD_00553.jpg
Cover_32416.jpg,JMiPOD_32416.jpg
Cover_34812.jpg,UERD_34812.jpg
Cover_55256.jpg,JUNIWARD_55256.jpg
Cover_07633.jpg,UERD_07633.jpg
Cover_73823.jpg,UERD_73823.jpg
Cover_72974.jpg,JMiPOD_72974.jpg
Cover_23800.jpg,UERD_23800.jpg
Cover_44275.jpg,JUNIWARD_44275.jpg
Cover_16527.jpg,UERD_16527.jpg
Cover_77743.jpg,UERD_77743.jpg
Cover_48876.jpg,JMiPOD_48876.jpg
Cover_13096.jpg,UERD_13096.jpg
Cover_47014.jpg,JUNIWARD_47014.jpg
Cover_27414.jpg,JUNIWARD_27414.jpg
Cover_13916.jpg,JUNIWARD_13916.jpg
Cover_75931.jpg,JMiPOD_75931.jpg
Cover_63647.jpg,JMiPOD_63647.jpg
Cover_61452.jpg,JMiPOD_61452.jpg
Cover_74942.jpg,JUNIWARD_74942.jpg
Cover_11906.jpg,UERD_11906.jpg
Cover_52268.jpg,JUNIWARD_52268.jpg
Cover_34784.jpg,JMiPOD_34784.jpg
Cover_30650.jpg,JUNIWARD_30650.jpg
Cover_23818.jpg,UERD_23818.jpg
Cover_71757.jpg,JMiPOD_71757.jpg
Cover_08174.jpg,UERD_08174.jpg
Cover_61084.jpg,JUNIWARD_61084.jpg
Cover_71842.jpg,JUNIWARD_71842.jpg
Cover_24524.jpg,JMiPOD_24524.jpg
Cover_01465.jpg,JUNIWARD_01465.jpg
Cover_11528.jpg,JMiPOD_11528.jpg
Cover_72560.jpg,UERD_72560.jpg
Cover_49637.jpg,UERD_49637.jpg
Cover_31805.jpg,UERD_31805.jpg
Cover_40629.jpg,UERD_40629.jpg
Cover_50055.jpg,JMiPOD_50055.jpg
Cover_68464.jpg,UERD_68464.jpg
Cover_01789.jpg,JMiPOD_01789.jpg
Cover_19035.jpg,UERD_19035.jpg
Cover_58940.jpg,JMiPOD_58940.jpg
Cover_33572.jpg,UERD_33572.jpg
Cover_00991.jpg,JMiPOD_00991.jpg
Cover_51134.jpg,JMiPOD_51134.jpg
Cover_35141.jpg,JUNIWARD_35141.jpg
Cover_66815.jpg,JUNIWARD_66815.jpg
Cover_79846.jpg,JMiPOD_79846.jpg
Cover_40441.jpg,UERD_40441.jpg
Cover_62236.jpg,JMiPOD_62236.jpg
Cover_12483.jpg,UERD_12483.jpg
Cover_55470.jpg,UERD_55470.jpg
Cover_11609.jpg,JMiPOD_11609.jpg
Cover_29744.jpg,JMiPOD_29744.jpg
Cover_07097.jpg,JMiPOD_07097.jpg
Cover_42580.jpg,UERD_42580.jpg
Cover_40350.jpg,JMiPOD_40350.jpg
Cover_14139.jpg,JUNIWARD_14139.jpg
Cover_09762.jpg,JUNIWARD_09762.jpg
Cover_78399.jpg,JMiPOD_78399.jpg
Cover_70076.jpg,JMiPOD_70076.jpg
Cover_13770.jpg,JUNIWARD_13770.jpg
Cover_59964.jpg,UERD_59964.jpg
Cover_35233.jpg,JMiPOD_35233.jpg
Cover_00084.jpg,JUNIWARD_00084.jpg
Cover_35796.jpg,JMiPOD_35796.jpg
Cover_39231.jpg,UERD_39231.jpg
Cover_40852.jpg,JMiPOD_40852.jpg
Cover_63482.jpg,JMiPOD_63482.jpg
Cover_77519.jpg,JUNIWARD_77519.jpg
Cover_36900.jpg,UERD_36900.jpg
Cover_10832.jpg,JUNIWARD_10832.jpg
Cover_59283.jpg,JUNIWARD_59283.jpg
Cover_05523.jpg,JUNIWARD_05523.jpg
Cover_70434.jpg,JUNIWARD_70434.jpg
Cover_60385.jpg,JUNIWARD_60385.jpg
Cover_73068.jpg,JMiPOD_73068.jpg
Cover_55240.jpg,UERD_55240.jpg
Cover_08062.jpg,JMiPOD_08062.jpg
Cover_67239.jpg,JUNIWARD_67239.jpg
Cover_59504.jpg,JMiPOD_59504.jpg
Cover_59428.jpg,JMiPOD_59428.jpg
Cover_65766.jpg,JMiPOD_65766.jpg
Cover_00352.jpg,UERD_00352.jpg
Cover_55756.jpg,JMiPOD_55756.jpg
Cover_09105.jpg,JUNIWARD_09105.jpg
Cover_05631.jpg,JMiPOD_05631.jpg
Cover_17174.jpg,JMiPOD_17174.jpg
Cover_64320.jpg,UERD_64320.jpg
Cover_30550.jpg,UERD_30550.jpg
Cover_33708.jpg,UERD_33708.jpg
Cover_01820.jpg,JMiPOD_01820.jpg
Cover_50922.jpg,JMiPOD_50922.jpg
Cover_25177.jpg,JMiPOD_25177.jpg
Cover_50225.jpg,JMiPOD_50225.jpg
Cover_71506.jpg,JUNIWARD_71506.jpg
Cover_68146.jpg,UERD_68146.jpg
Cover_15828.jpg,UERD_15828.jpg
Cover_10269.jpg,JMiPOD_10269.jpg
Cover_31654.jpg,JUNIWARD_31654.jpg
Cover_66702.jpg,JUNIWARD_66702.jpg
Cover_78570.jpg,JMiPOD_78570.jpg
Cover_45048.jpg,JMiPOD_45048.jpg
Cover_24973.jpg,JUNIWARD_24973.jpg
Cover_40327.jpg,JMiPOD_40327.jpg
Cover_25252.jpg,UERD_25252.jpg
Cover_10820.jpg,JUNIWARD_10820.jpg
Cover_78991.jpg,UERD_78991.jpg
Cover_05592.jpg,JUNIWARD_05592.jpg
Cover_49176.jpg,JMiPOD_49176.jpg
Cover_78917.jpg,UERD_78917.jpg
Cover_55629.jpg,JUNIWARD_55629.jpg
Cover_44189.jpg,JUNIWARD_44189.jpg
Cover_12514.jpg,UERD_12514.jpg
Cover_61890.jpg,UERD_61890.jpg
Cover_49179.jpg,JUNIWARD_49179.jpg
Cover_58630.jpg,JUNIWARD_58630.jpg
Cover_57763.jpg,JUNIWARD_57763.jpg
Cover_22205.jpg,JMiPOD_22205.jpg
Cover_49608.jpg,UERD_49608.jpg
Cover_11205.jpg,UERD_11205.jpg
Cover_55377.jpg,UERD_55377.jpg
Cover_65867.jpg,JMiPOD_65867.jpg
Cover_18498.jpg,JUNIWARD_18498.jpg
Cover_56797.jpg,UERD_56797.jpg
Cover_39932.jpg,JMiPOD_39932.jpg
Cover_45544.jpg,UERD_45544.jpg
Cover_18766.jpg,UERD_18766.jpg
Cover_34451.jpg,JMiPOD_34451.jpg
Cover_63841.jpg,JMiPOD_63841.jpg
Cover_57236.jpg,JUNIWARD_57236.jpg
Cover_33045.jpg,JUNIWARD_33045.jpg
Cover_32420.jpg,UERD_32420.jpg
Cover_51094.jpg,JUNIWARD_51094.jpg
Cover_37116.jpg,JUNIWARD_37116.jpg
Cover_65795.jpg,JUNIWARD_65795.jpg
Cover_69616.jpg,JUNIWARD_69616.jpg
Cover_78995.jpg,UERD_78995.jpg
Cover_67798.jpg,UERD_67798.jpg
Cover_05251.jpg,UERD_05251.jpg
Cover_30136.jpg,JMiPOD_30136.jpg
Cover_10885.jpg,UERD_10885.jpg
Cover_29977.jpg,JMiPOD_29977.jpg
Cover_66451.jpg,JUNIWARD_66451.jpg
Cover_23117.jpg,JUNIWARD_23117.jpg
Cover_43982.jpg,UERD_43982.jpg
Cover_12604.jpg,JMiPOD_12604.jpg
Cover_68772.jpg,JUNIWARD_68772.jpg
Cover_79171.jpg,JMiPOD_79171.jpg
Cover_00885.jpg,UERD_00885.jpg
Cover_61306.jpg,JUNIWARD_61306.jpg
Cover_31060.jpg,JMiPOD_31060.jpg
Cover_28650.jpg,JMiPOD_28650.jpg
Cover_02761.jpg,UERD_02761.jpg
Cover_32591.jpg,JMiPOD_32591.jpg
Cover_69889.jpg,JMiPOD_69889.jpg
Cover_61799.jpg,JMiPOD_61799.jpg
Cover_48581.jpg,JUNIWARD_48581.jpg
Cover_63995.jpg,JMiPOD_63995.jpg
Cover_66237.jpg,JMiPOD_66237.jpg
Cover_61204.jpg,JMiPOD_61204.jpg
Cover_77595.jpg,UERD_77595.jpg
Cover_36706.jpg,JUNIWARD_36706.jpg
Cover_03746.jpg,JMiPOD_03746.jpg
Cover_57555.jpg,JMiPOD_57555.jpg
Cover_43566.jpg,UERD_43566.jpg
Cover_41087.jpg,JMiPOD_41087.jpg
Cover_34176.jpg,UERD_34176.jpg
Cover_64712.jpg,JUNIWARD_64712.jpg
Cover_36658.jpg,JUNIWARD_36658.jpg
Cover_67624.jpg,UERD_67624.jpg
Cover_04240.jpg,JUNIWARD_04240.jpg
Cover_18201.jpg,UERD_18201.jpg
Cover_15157.jpg,JMiPOD_15157.jpg
Cover_69183.jpg,JUNIWARD_69183.jpg
Cover_65193.jpg,JMiPOD_65193.jpg
Cover_60518.jpg,JMiPOD_60518.jpg
Cover_17544.jpg,JUNIWARD_17544.jpg
Cover_67328.jpg,JUNIWARD_67328.jpg
Cover_56117.jpg,UERD_56117.jpg
Cover_34560.jpg,UERD_34560.jpg
Cover_77221.jpg,JUNIWARD_77221.jpg
Cover_35644.jpg,JUNIWARD_35644.jpg
Cover_12287.jpg,JUNIWARD_12287.jpg
Cover_58121.jpg,UERD_58121.jpg
Cover_60924.jpg,JMiPOD_60924.jpg
Cover_01497.jpg,JUNIWARD_01497.jpg
Cover_21508.jpg,JMiPOD_21508.jpg
Cover_58786.jpg,UERD_58786.jpg
Cover_08915.jpg,JMiPOD_08915.jpg
Cover_76586.jpg,JMiPOD_76586.jpg
Cover_03493.jpg,JMiPOD_03493.jpg
Cover_09561.jpg,JMiPOD_09561.jpg
Cover_47790.jpg,JMiPOD_47790.jpg
Cover_47051.jpg,UERD_47051.jpg
Cover_34964.jpg,JUNIWARD_34964.jpg
Cover_17949.jpg,UERD_17949.jpg
Cover_23660.jpg,JUNIWARD_23660.jpg
Cover_01435.jpg,JUNIWARD_01435.jpg
